Accession No.,Book Title,Author,Price (INR),Price ($),Price (Pound),Publisher,Issue / Lost / Available,Book No. / Barcode,Book Shelf No.,No. of Copies,S. No.
,Introduction to Computer Theory,Cohen,,,,Wiley India,,,DCSE/E/98/5,5,1
,Understanding Pointers in C,Kanetkar,,,,BPV,,,DCSE/E/98/5,5,2
,Operating system concepts,greg gagne,,,,Wiley,,donated,DCSE/E/98/5,5,3
,Simulation modelling and analysis,M-low,,,,SIE,,donated,DCSE/E/98/5,5,4
,Simulation modelling and analisys,M-low,,,,SIE,,donated,DCSE/E/98/5,5,5
,Let us c,Kanetkar,,,,BPV,,,DCSE/E/98/5,5,6
,Let us c,Kanetkar,,,,BPV,,,DCSE/E/98/5,5,7
,Digital Logic and computer design,m morris,,,,pearson,,,DCSE/E/98/5,5,8
,programming collective intelligence,toby,,,,Oreilly,,,DCSE/E/98/5,5,9
,Computer Networks,forouzan,,,,SIE,,,DCSE/E/98/5,5,11
,Data Mining : concepts and techniques,kamber,,,,MK,,,DCSE/E/98/5,5,12
,Programming in ANSI C,E Balagurusamy,,,,McGraw Hill,,,DCSE/E/98/5,5,13
,Software Modeling and design,hasan,,,,Cambridge,,,DCSE/E/98/5,5,14
,Modern Statistical System and GPSS simulation,Karian,,,,CRC Press,,donated,DCSE/E/98/5,5,15
,Data Mining,Shawkat Ali,,,,Cengage,,,DCSE/E/98/5,5,16
,The complete reference UNIX,Kenneth H rosen,,,,McGraw Hill,,,DCSE/E/98/5,5,17
,Fundamental of information communication technology,BK sharma,,,,YK publication,,,DCSE/E/98/5,5,18
,Computing fundamental in C programming,Balaguruswamy,,,,McGraw Hill,,,DCSE/E/98/5,5,19
,Fundamental Computers,Rajaraman,,,,PHI,,,DCSE/E/98/5,5,20
,Developing enterprise applications and web service using (J2EE Web components),Student Guide),,,,NIIT,,,DCSE/E/98/5,5,21
,Developing enterprise applications and web service using,Student Guide),,,,NIIT,,,DCSE/E/98/5,5,22
,Developing enterprise applications and web service using (XML),Student Guide),,,,NIIT,,,DCSE/E/98/5,5,23
,Developing enterprise applications and web service using (Projects),Student Guide),,,,NIIT,,,DCSE/E/98/5,5,24
,Developing enterprise applications and web service using (service components),Student Guide),,,,NIIT,,,DCSE/E/98/5,5,25
,Database driven websites,Morrison,,,,Course technology,,,DCSE/E/98/5,5,26
,GRE,Brown stein,,,,Barrons,,,DCSE/E/98/5,5,27
,,,,,,,,,CS/E/99-3,,
,,,,,,,,,CS/E/99-3,,
,Introduction to operations research,Billy E Gilett,,,,McGRAW Hill,,Donated,DCSE/6/1,1,1
,Introduction to operations research,Billy E Gilett,,,,McGRAW Hill,,Donated,DCSE/6/1,1,2
,Introduction to operations research,Billy E Gilett,,,,McGRAW Hill,,Donated,DCSE/6/1,1,3
,Introduction to operations research,Billy E Gilett,,,,McGRAW Hill,,Donated,DCSE/6/1,1,4
,Introduction to operations research,Billy E Gilett,,,,McGRAW Hill,,Donated,DCSE/6/1,1,5
,Introduction to operations research,Billy E Gilett,,,,McGRAW Hill,,Donated,DCSE/6/1,1,6
,Introduction to operations research,Billy E Gilett,,,,McGRAW Hill,,Donated,DCSE/6/1,1,7
,Introduction to operations research,Billy E Gilett,,,,McGRAW Hill,,Donated,DCSE/6/1,1,8
,Introduction to operations research,Billy E Gilett,,,,McGRAW Hill,,Donated,DCSE/6/1,1,9
,Introduction to operations research,Billy E Gilett,,,,McGRAW Hill,,Donated,DCSE/6/1,1,10
,Computer Organisation and Architecture,William Stallings,,,,PHI,,,DCSE/6/1,1,12
,Visual Basic 6 programming,Steven Holzner,,,,Dreamtech press,,,DCSE/6/1,1,13
,Frontiers of Electronic Commerce,"Kalakota, winston",,,,Pearson,,,DCSE/6/1,1,14
,Software Metrics,Norman E fenton,,,,Chapman & hall,,16503,DCSE/6/1,1,15
,Software Engineering Principles and practices,Deepak Jain,,,,Oxford,,,DCSE/6/1,1,16
,Software Quality Assurances,Nina S Godbole,,,,Narosa,,,DCSE/6/1,1,17
,Procedural Elements for computer graphics,David f rogers,,,,McGRAW Hill,,,DCSE/6/1,1,19
,Networking in 24 hours,Matt Hayden,,,,Techmedia,,,DCSE/6/1,1,20
,Computer Graphics,Ak Prajapati,,,,Paragati Prakashan,,,DCSE/6/1,1,21
,UNIX system administration handbook,Nemeth Snyder seebass,,,,PH PTR,,,DCSE/6/1,2,1
,Advanced MS DOS,Ray Duncan,,,,bpb,,,DCSE/6/1,2,2
,Computer System Architecture,M morris mano,,,,Pearson,,,DCSE/6/1,2,3
,Computer Viruses,Rajneesh Kapoor,,,,bpb,,Donated,DCSE/6/1,2,4
,Computer Concepts,"Parsons, oja",,,,Thomson course technology,,,DCSE/6/1,2,5
,Windows Programming,jim conger,,,,Galgotia,,Donated,DCSE/6/1,2,6
,Visual C++,Chapman,,,,Techmedia,,Donated,DCSE/6/1,2,7
,Simulation Modelling and analysis,Averill ML,,,,McGRAW Hill,,Donated,DCSE/6/1,2,8
,The UNIX programmign environment ,"Brian WK, Rob Pike",,,,PHI,,Donated,DCSE/6/1,2,9
,Statistical advances in bio sciences and bio informatics,Manju pander,,,,Allied publication,,,DCSE/6/1,2,10
,turbo pascal companion,satish jain,,,,bpb,,Donated,DCSE/6/1,2,11
,Simulation Modelling and analysis,Averill ML,,,,McGRAW Hill,,Donated,DCSE/6/1,2,12
,Simulation Modelling and analysis,Averill ML,,,,McGRAW Hill,,Donated,DCSE/6/1,2,13
,Simulation Modelling and analysis,Averill ML,,,,McGRAW Hill,,Donated,DCSE/6/1,2,14
,Simulation Modelling and analysis,Averill ML,,,,McGRAW Hill,,Donated,DCSE/6/1,2,15
,Simulation Modelling and analysis,Averill ML,,,,McGRAW Hill,,Donated,DCSE/6/1,2,16
,The C odyssey UNIX,"Neeta Gandhi, shah",,,,bpb,,,DCSE/6/1,2,17
,Theory of Computer Science,"KLP mishra, chandrashekhran",,,,PHI,,,DCSE/6/1,2,18
,software project secrets,george stepanek,,,,A Press,,,DCSE/6/1,2,19
,Theory of Computer Science,"KLP mishra, chandrashekhran",,,,PHI,,,DCSE/6/1,2,20
,Linux (teach yourself),"Craig, coletta",,,,Techmedia,,,DCSE/6/1,2,21
,Operating system principles,"Silberschatz, Galvin",,,,Wiley,,,DCSE/6/1,2,22
,Graphics Under C,Yashwanth K,,,,bpb,,,DCSE/6/1,2,23
,UNIX Vol 1,Sumitabha Das,,,,McGRAW Hill,,,DCSE/6/1,2,24
,Data mining and statistical analysis using SQL,Trueblood and lovett,,,,A Press,,,DCSE/6/1,3,1
,Distributed data applications with ASP.NET,Homer & Susman,,,,A Press,,,DCSE/6/1,3,2
,Programming Logic and Design,Joyce Farrell,,,,Thomson course technology,,,DCSE/6/1,3,3
,Computer Organization and architecture,William Stallings,,,,PHI,,,DCSE/6/1,3,4
,The C odyssey : C++ and graphics,"Neeta Gandhi, shah",,,,bpb,,,DCSE/6/1,3,5
,Visual Basic 6,Greg Parry,,,,Techmedia,,,DCSE/6/1,3,6
,Red Hat fedora and enterprise Linux 4 Bible,Christropher Nigus,,,,Wiley,,,DCSE/6/1,3,7
,Microcomputer systems The 8086/8088 family,"Yu Cheng Liu, Glenn A. Gibson",,,,PHI,,,DCSE/6/1,3,8
,Components of information technology,KP yadav,,,,Standard Publishers,,,DCSE/6/1,3,10
,The programmers guide to SQL,Darry & Watson,,,,A Press,,,DCSE/6/1,3,11
,Visual Basic 6,Noel Jerke,,,,McGRAW Hill,,,DCSE/6/1,3,12
,Data structure using C,Tenenbaum ,,,,Pearson,,,DCSE/6/1,3,13
,Probability & statistics,murray,,,,McGRAW Hill,,Donated,DCSE/6/1,3,14
,Microsoft C++,Kruglinski,,,,Microsoft Press,,,DCSE/6/1,3,15
,Introduction to design and analysis of algorthms,Anany Levitian,,,,Pearson,,,DCSE/6/1,3,16
,IBM PC Assembly Language & Programming,Peter Abel,,,,Pearson,,,DCSE/6/1,3,17
,Discrete Mathematics and Combinatorics,T. Sengadir,,,,Pearson,,,DCSE/6/1,3,18
,Foundations of Software Testing,"Graham, van veenendal",,,,Thomson,,,DCSE/6/1,3,19
,Combinatorial Methods with computer applications,Jonathan L Gross,,,,Chapman & hall,,,DCSE/6/1,3,20
,ISDN and broadband ISDN with frame relay and ATM,William Stallings,,,,Pearson,,,DCSE/6/1,3,21
,PHP MySQL Website Programming,"Lea, buzzart",,,,A Press,,,DCSE/6/1,4,1
,Methods and models in computing,S Minz,,,,Allied publication,,,DCSE/6/1,4,2
,Java Swing,John zukowski,,,,A press,,,DCSE/6/1,4,3
,Visual Basic.NRT Class design handbook,"Allision , olsen",,,,A Press,,,DCSE/6/1,4,4
,Algorithms and Protocols for wireless sensor networks,AZZEDINE BOUKERCHE,,,,WILLEY,,,DCSE/6/1,4,5
,Real world. NET Publicaton,Budi Kurniawan,,,,A Press,,,DCSE/6/1,4,6
,Handbook of real Time and embedded system,"Lea,Leung, son",,,,Chapman & hall,,,DCSE/6/1,4,7
,A Programmers introduction to C#,Gunnerson,,,,A Press,,,DCSE/6/1,4,8
,A Programmers introduction to C# 2.0,Gunnerson,,,,A Press,,,DCSE/6/1,4,9
,Data structure ,Horowitz,,,,Galgotia,,,DCSE/6/1,4,10
,Let US C++,Yashwanth K,,,,BPB,,,DCSE/6/1,4,11
,Simulation Modelling and analysis,"W. David K., Aberill M. Law",,,,McGRAW Hill,,911363,DCSE/6/1,4,12
,Learning DCOM,Thuan L. Thai,,,,OREILLY,,,DCSE/6/1,4,13
,The working programmmers guide to serial protocols,Tim Kienpzle,,,,Coriolis Group Books,,Donated,DCSE/6/1,4,14
,JAVA TOOLS,"Andreas Ebeheart,Stefan Fischer",,,,WILLEY,,,DCSE/6/1,4,15
